"partido_1","votos_1","porcen_1","partido_2","votos_2","porcen_2","partido_3","votos_3","porcen_3","name_2_url","name_4_url"
"PP","261","62,44%","PSOE","131","31,33%","IULV-CA","12","2,87%","Almería","Alcóntar"
"PSOE","125","60,09%","PP","62","29,80%","IULV-CA","15","7,21%","Almería","Bacares"
"PSOE","411","47,84%","PP","342","39,81%","PA","41","4,77%","Almería","Arboleas"
"PSOE","157","64,60%","PP","79","32,51%","IULV-CA","4","1,64%","Almería","Armuña de Almanzora"
"PSOE","235","64,91%","PP","87","24,03%","IULV-CA","25","6,90%","Almería","Albánchez"
"PP","2.175","46,84%","PSOE","2.126","45,78%","IULV-CA","166","3,57%","Almería","Albox"
"PP","599","50,25%","PSOE","468","39,26%","IULV-CA","77","6,45%","Almería","Fines"
"PSOE","913","50,49%","PP","760","42,03%","IULV-CA","97","5,36%","Almería","Cantoria"
"PSOE","151","48,86%","PP","123","39,80%","IULV-CA","31","10,03%","Almería","Líjar"
"PP","94","49,47%","PSOE","90","47,36%","IULV-CA","4","2,10%","Almería","Chercos"
"PSOE","1.648","47,68%","PP","1.491","43,14%","IULV-CA","187","5,41%","Almería","Macael"
"PSOE","577","47,25%","PP","568","46,51%","IULV-CA","55","4,50%","Almería","Oria"
"PP","62","53,44%","PSOE","43","37,06%","IULV-CA","4","3,44%","Almería","Laroya"
"PP","1.543","46,44%","PSOE","1.407","42,35%","IULV-CA","227","6,83%","Almería","Olula del Río"
"PSOE","320","61,30%","PP","171","32,75%","IULV-CA","12","2,29%","Almería","Lúcar"
"PSOE","80","51,94%","PP","63","40,90%","IULV-CA","5","3,24%","Almería","Bayarque"
"PSOE","774","53,86%","PP","536","37,29%","IULV-CA","85","5,91%","Almería","Serón"
"PSOE","558","55,35%","PP","360","35,71%","IULV-CA","59","5,85%","Almería","Purchena"
"PP","125","49,01%","PSOE","114","44,70%","PA","6","2,35%","Almería","Partaloa"
"PSOE","139","48,60%","PP","99","34,61%","IULV-CA","30","10,48%","Almería","Sierro"
"PP","75","50,33%","PSOE","66","44,29%","IULV-CA","4","2,68%","Almería","Suflí"
"PP","574","53,54%","PSOE","415","38,71%","IULV-CA","35","3,26%","Almería","Zurgena"
"PP","284","49,91%","PSOE","231","40,59%","IULV-CA","31","5,44%","Almería","Taberno"
"PP","1.013","45,83%","PSOE","982","44,43%","IULV-CA","133","6,01%","Almería","Tíjola"
"PP","60","49,18%","PSOE","42","34,42%","IULV-CA","9","7,37%","Almería","Alcudia de Monteagud"
"PP","39","75,00%","PSOE","11","21,15%","UPYD","1","1,92%","Almería","Benitagla"
"PSOE","64","62,74%","PP","34","33,33%","IULV-CA","2","1,96%","Almería","Castro de Filabres"
"PSOE","46","50,00%","PP","41","44,56%","IULV-CA","4","4,34%","Almería","Cóbdar"
"PP","205","57,42%","PSOE","120","33,61%","IULV-CA","23","6,44%","Almería","Lucainena de las Torres"
"PSOE","138","58,97%","PP","77","32,90%","IULV-CA","10","4,27%","Almería","Urrácal"
"PP","71","53,38%","PSOE","52","39,09%","UPYD","7","5,26%","Almería","Olula de Castro"
"PP","714","56,75%","PSOE","478","37,99%","UPYD","29","2,30%","Almería","Sorbas"
"PSOE","510","61,44%","PP","277","33,37%","IULV-CA","23","2,77%","Almería","Lubrín"
"PP","113","57,65%","PSOE","59","30,10%","IULV-CA","16","8,16%","Almería","Senés"
"PP","83","56,46%","PSOE","59","40,13%","UPYD","3","2,04%","Almería","Benizalón"
"PSOE","152","48,40%","PP","140","44,58%","IULV-CA","15","4,77%","Almería","Tahal"
"PP","98","67,58%","PSOE","34","23,44%","IULV-CA","7","4,82%","Almería","Turrillas"
"PSOE","94","45,19%","PP","76","36,53%","IULV-CA","33","15,86%","Almería","Velefique"
"PSOE","433","50,88%","PP","344","40,42%","IULV-CA","39","4,58%","Almería","Abla"
"PSOE","241","50,84%","PP","172","36,28%","IULV-CA","47","9,91%","Almería","Uleila del Campo"
"PP","241","49,28%","PSOE","222","45,39%","IULV-CA","12","2,45%","Almería","Alboloduy"
"PSOE","52","50,98%","PP","42","41,17%","IULV-CA","5","4,90%","Almería","Alsodux"
"PSOE","821","48,98%","PP","695","41,46%","IULV-CA","87","5,19%","Almería","Tabernas"
"PSOE","900","63,11%","PP","350","24,54%","IULV-CA","101","7,08%","Almería","Fiñana"
"PSOE","265","56,74%","PP","165","35,33%","IULV-CA","25","5,35%","Almería","Alhabia"
"PSOE","168","54,54%","PP","123","39,93%","IULV-CA","11","3,57%","Almería","Nacimiento"
"PP","91","57,59%","PSOE","48","30,37%","IULV-CA","7","4,43%","Almería","Santa Cruz de Marchena"
"PSOE","275","49,81%","PP","191","34,60%","IULV-CA","63","11,41%","Almería","Alcolea"
"PSOE","221","53,12%","PP","154","37,01%","IULV-CA","27","6,49%","Almería","Tres Villas (Las)"
"PSOE","424","52,15%","PP","302","37,14%","IULV-CA","56","6,88%","Almería","Abrucena"
"PSOE","94","73,43%","PP","27","21,09%","IULV-CA","5","3,90%","Almería","Almócita"
"PP","94","51,64%","PSOE","77","42,30%","IULV-CA","7","3,84%","Almería","Alicún"
"PSOE","1.087","48,98%","PP","834","37,58%","IULV-CA","222","10,00%","Almería","Alhama de Almería"
"PSOE","52","50,98%","PP","42","41,17%","IULV-CA","5","4,90%","Almería","Alsodux"
"PP","186","47,20%","PSOE","178","45,17%","IULV-CA","16","4,06%","Almería","Huécija"
"PSOE","128","64,00%","PP","59","29,50%","IULV-CA","6","3,00%","Almería","Bentarique"
"PP","67","63,20%","PSOE","36","33,96%","IULV-CA","1","0,94%","Almería","Beires"
"PSOE","178","52,50%","PP","141","41,59%","IULV-CA","13","3,83%","Almería","Instinción"
"PP","177","57,28%","PSOE","113","36,56%","IULV-CA","13","4,20%","Almería","Illar"
"PSOE","250","44,40%","PP","243","43,16%","IULV-CA","45","7,99%","Almería","Fondón"
"PSOE","122","67,40%","PP","45","24,86%","IULV-CA","5","2,76%","Almería","Bayárcal"
"PP","132","49,25%","PSOE","118","44,02%","IULV-CA","11","4,10%","Almería","Paterna del Río"
"PP","41.430","52,47%","PSOE","24.495","31,02%","IULV-CA","7.113","9,00%","Almería","Almería"
"PSOE","322","65,18%","PP","132","26,72%","IULV-CA","28","5,66%","Almería","Ohanes"
"PSOE","525","52,65%","PP","324","32,49%","IULV-CA","98","9,82%","Almería","Láujar de Andarax"
"PP","882","43,49%","PSOE","877","43,24%","IULV-CA","176","8,67%","Almería","Benahadux"
"PSOE","199","65,03%","PP","88","28,75%","IULV-CA","7","2,28%","Almería","Terque"
"PSOE","223","61,60%","PP","105","29,00%","IULV-CA","18","4,97%","Almería","Padules"
"PP","175","59,72%","PSOE","100","34,12%","IULV-CA","6","2,04%","Almería","Rágol"
"PP","1.442","48,22%","PSOE","1.160","38,79%","IULV-CA","234","7,82%","Almería","Carboneras"
"PSOE","880","46,73%","PP","842","44,71%","IULV-CA","98","5,20%","Almería","Gádor"
"PP","731","44,65%","PSOE","655","40,01%","IULV-CA","143","8,73%","Almería","Pechina"
"PP","2.965","45,51%","PSOE","2.181","33,47%","IULV-CA","735","11,28%","Almería","Huércal de Almería"
"PSOE","275","37,51%","PP","242","33,01%","IULV-CA","203","27,69%","Almería","Rioja"
"PP","5.558","56,34%","PSOE","3.498","35,45%","IULV-CA","391","3,96%","Almería","Adra"
"PP","4.263","57,51%","PSOE","2.319","31,28%","IULV-CA","474","6,39%","Almería","Níjar"
"PP","1.094","45,81%","PSOE","1.020","42,71%","IULV-CA","166","6,95%","Almería","Viator"
"PP","3.034","46,59%","PSOE","2.852","43,79%","IULV-CA","353","5,42%","Almería","Berja"
"PSOE","147","51,39%","PP","89","31,11%","IULV-CA","45","15,73%","Almería","Santa Fe de Mondújar"
"PP","1.673","65,02%","PSOE","705","27,39%","IULV-CA","101","3,92%","Almería","Mojonera (La)"
"PP","15.368","59,33%","PSOE","6.479","25,01%","IULV-CA","2.016","7,78%","Almería","Roquetas de Mar"
"PSOE","844","44,35%","PP","785","41,25%","IULV-CA","163","8,56%","Almería","Dalías"
"PSOE","142","52,20%","PP","94","34,55%","IULV-CA","21","7,72%","Almería","Bédar"
"PP","100","46,29%","PSOE","96","44,44%","IULV-CA","10","4,62%","Almería","Enix"
"PP","4.468","55,26%","PSOE","2.880","35,62%","IULV-CA","372","4,60%","Almería","Huércal-Overa"
"PP","13.493","59,24%","PSOE","5.763","25,30%","IULV-CA","1.498","6,57%","Almería","Ejido (El)"
"PP","1.641","51,96%","PSOE","1.234","39,07%","IULV-CA","151","4,78%","Almería","Garrucha"
"PP","951","59,69%","PSOE","439","27,55%","IULV-CA","130","8,16%","Almería","Mojácar"
"PP","1.587","49,04%","PSOE","1.389","42,92%","IULV-CA","147","4,54%","Almería","Pulpí"
"PSOE","574","51,57%","PP","427","38,36%","IULV-CA","75","6,73%","Almería","Gallardos (Los)"
"PP","2.652","49,59%","PSOE","2.041","38,17%","IULV-CA","266","4,97%","Almería","Cuevas del Almanzora"
"PP","815","55,21%","PSOE","456","30,89%","PA","83","5,62%","Almería","Antas"
"PP","26.944","46,26%","PSOE","17.585","30,19%","IULV-CA","7.088","12,17%","Cádiz","Cádiz"
"PP","577","48,40%","PSOE","449","37,66%","IULV-CA","107","8,97%","Almería","Turre"
"PP","2.271","53,52%","PSOE","1.153","27,17%","PA","302","7,11%","Almería","Vera"
"PP","13.609","45,82%","PSOE","9.956","33,52%","IULV-CA","3.013","10,14%","Cádiz","Chiclana de la Frontera"
"PSOE","685","58,00%","PP","435","36,83%","IULV-CA","34","2,87%","Almería","Vélez-Blanco"
"PSOE","625","59,63%","PP","319","30,43%","IULV-CA","55","5,24%","Almería","Chirivel"
"PP","17.461","45,25%","PSOE","12.134","31,44%","IULV-CA","3.969","10,28%","Cádiz","San Fernando"
"PP","17.068","48,00%","PSOE","9.046","25,44%","IULV-CA","4.660","13,10%","Cádiz","Puerto de Santa María (El)"
"PP","381","47,15%","PSOE","364","45,04%","IULV-CA","25","3,09%","Almería","María"
"PP","1.646","47,50%","PSOE","1.449","41,81%","IULV-CA","157","4,53%","Almería","Vélez-Rubio"
"PSOE","8.096","45,89%","PP","3.864","21,90%","IULV-CA","2.634","14,93%","Cádiz","Puerto Real"
"PP","9.791","45,26%","PSOE","7.723","35,70%","IULV-CA","1.736","8,02%","Cádiz","Línea de la Concepción (La)"
"PP","18.750","44,45%","PSOE","14.030","33,26%","IULV-CA","3.939","9,33%","Cádiz","Algeciras"
"PSOE","2.091","46,14%","PP","1.496","33,01%","IULV-CA","624","13,77%","Cádiz","Jimena de la Frontera"
"PSOE","712","47,34%","PP","386","25,66%","IULV-CA","331","22,00%","Cádiz","Castellar de la Frontera"
"PSOE","947","47,58%","PP","843","42,36%","IULV-CA","103","5,17%","Cádiz","San José del Valle"
"PSOE","4.643","42,10%","PP","3.978","36,07%","IULV-CA","1.089","9,87%","Cádiz","San Roque"
"PP","38.386","42,69%","PSOE","29.073","32,33%","IULV-CA","12.035","13,38%","Cádiz","Jerez de la Frontera"
"PP","3.585","43,04%","PSOE","2.708","32,51%","IULV-CA","1.270","15,24%","Cádiz","Chipiona"
"PP","5.661","48,74%","PSOE","3.255","28,02%","IULV-CA","1.161","9,99%","Cádiz","Rota"
"PP","3.220","35,38%","PSOE","3.212","35,29%","PA","1.264","13,88%","Cádiz","Barrios (Los)"
"PSOE","1.504","52,64%","PP","968","33,88%","IULV-CA","239","8,36%","Cádiz","Alcalá de los Gazules"
"IULV-CA","2.173","51,86%","PSOE","1.270","30,31%","PP","583","13,91%","Cádiz","Trebujena"
"PSOE","11.077","42,67%","PP","8.547","32,92%","IULV-CA","4.311","16,60%","Cádiz","Sanlúcar de Barrameda"
"PSOE","3.209","52,57%","PP","1.433","23,47%","IULV-CA","1.170","19,16%","Cádiz","Medina-Sidonia"
"PP","2.429","44,06%","PSOE","2.189","39,71%","IULV-CA","537","9,74%","Cádiz","Vejer de la Frontera"
"PSOE","1.626","49,09%","IULV-CA","1.359","41,03%","PP","270","8,15%","Cádiz","Alcalá del Valle"
"PSOE","1.930","53,31%","PP","1.094","30,22%","IULV-CA","310","8,56%","Cádiz","Benalup-Casas Viejas"
"PP","3.091","33,83%","PSOE","3.057","33,46%","IULV-CA","1.830","20,03%","Cádiz","Conil de la Frontera"
"PSOE","1.762","62,10%","PP","549","19,35%","IULV-CA","303","10,68%","Cádiz","Paterna de Rivera"
"PSOE","485","54,92%","PP","271","30,69%","IULV-CA","62","7,02%","Cádiz","Algar"
"PSOE","1.562","54,57%","PP","742","25,92%","IULV-CA","388","13,55%","Cádiz","Algodonales"
"PSOE","7.095","50,25%","PP","4.625","32,75%","IULV-CA","1.234","8,73%","Cádiz","Arcos de la Frontera"
"PSOE","470","40,83%","PP","444","38,57%","IULV-CA","108","9,38%","Cádiz","Bosque (El)"
"PSOE","546","40,35%","PP","492","36,36%","IULV-CA","173","12,78%","Cádiz","Grazalema"
"PSOE","1.789","44,51%","PP","1.089","27,09%","IULV-CA","839","20,87%","Cádiz","Bornos"
"PP","38.386","42,69%","PSOE","29.073","32,33%","IULV-CA","12.035","13,38%","Cádiz","Jerez de la Frontera"
"PP","536","48,41%","PSOE","448","40,46%","PA","60","5,42%","Cádiz","Gastor (El)"
"PP","190","47,50%","PSOE","149","37,25%","IULV-CA","34","8,50%","Cádiz","Benaocaz"
"IULV-CA","850","37,42%","PSOE","847","37,29%","PP","480","21,13%","Cádiz","Espera"
"PSOE","1.278","45,09%","IULV-CA","944","33,30%","PP","504","17,78%","Cádiz","Puerto Serrano"
"PSOE","1.003","59,48%","PP","379","22,47%","IULV-CA","232","13,76%","Cádiz","Setenil de las Bodegas"
"PSOE","2.425","47,54%","PP","1.788","35,05%","IULV-CA","671","13,15%","Cádiz","Olvera"
"PSOE","1.371","42,00%","PP","1.250","38,29%","IULV-CA","316","9,68%","Cádiz","Prado del Rey"
"PSOE","459","49,24%","PP","332","35,62%","PA","95","10,19%","Cádiz","Zahara"
"PSOE","229","47,51%","PP","158","32,78%","IULV-CA","71","14,73%","Cádiz","Torre Alháquime"
"PSOE","2.491","39,96%","PP","2.194","35,19%","IULV-CA","749","12,01%","Cádiz","Villamartín"
"PSOE","156","53,60%","PP","93","31,95%","IULV-CA","15","5,15%","Cádiz","Villaluenga del Rosario"
"PP","3.874","39,88%","PSOE","3.592","36,97%","PA","901","9,27%","Cádiz","Ubrique"
"PSOE","4.112","53,40%","PP","1.799","23,36%","IULV-CA","1.121","14,56%","Córdoba","Aguilar de la Frontera"
"IULV-CA","1.149","41,87%","PSOE","782","28,49%","PP","702","25,58%","Córdoba","Montalbán de Córdoba"
"IULV-CA","890","39,32%","PSOE","695","30,71%","PP","546","24,12%","Córdoba","Montemayor"
"PSOE","1.446","59,38%","PP","587","24,10%","PA","249","10,22%","Córdoba","Moriles"
"PSOE","2.118","38,70%","PP","1.464","26,75%","IULV-CA","1.456","26,60%","Córdoba","Fernán-Núñez"
"PSOE","7.402","49,21%","PP","5.019","33,36%","IULV-CA","1.741","11,57%","Córdoba","Puente Genil"
"PSOE","1.762","38,25%","PP","1.345","29,20%","IULV-CA","1.131","24,55%","Córdoba","Rambla (La)"
"PSOE","4.849","36,61%","PP","4.432","33,46%","IULV-CA","2.649","20,00%","Córdoba","Montilla"
"PP","591","53,00%","PSOE","408","36,59%","IULV-CA","81","7,26%","Córdoba","Añora"
"PSOE","522","53,15%","PP","397","40,42%","IULV-CA","28","2,85%","Córdoba","Alcaracejos"
"PSOE","713","59,31%","PP","232","19,30%","PA","113","9,40%","Córdoba","Monturque"
"PSOE","164","58,15%","PP","101","35,81%","IULV-CA","14","4,96%","Córdoba","Conquista"
"PSOE","1.849","53,71%","PP","999","29,02%","IULV-CA","453","13,16%","Córdoba","Santaella"
"PSOE","149","56,01%","PP","92","34,58%","IULV-CA","16","6,01%","Córdoba","Fuente la Lancha"
"PP","872","51,96%","PSOE","714","42,55%","IULV-CA","42","2,50%","Córdoba","Dos Torres"
"PSOE","181","50,27%","PP","166","46,11%","IULV-CA","8","2,22%","Córdoba","Granjuela (La)"
"PSOE","138","49,64%","PP","125","44,96%","IULV-CA","6","2,15%","Córdoba","Guijo (El)"
"PSOE","872","47,62%","PP","603","32,93%","IULV-CA","263","14,36%","Córdoba","Belmez"
"PP","2.010","48,28%","PSOE","1.840","44,19%","IULV-CA","158","3,79%","Córdoba","Hinojosa del Duque"
"PSOE","4.225","42,56%","PP","4.047","40,76%","IULV-CA","707","7,12%","Córdoba","Pozoblanco"
"PSOE","2.424","44,45%","PP","2.347","43,04%","IULV-CA","405","7,42%","Córdoba","Peñarroya-Pueblonuevo"
"","","","2008","2004","2000","Partidos","Votos","Partidos","Córdoba","[Blazque-los]"
"PSOE","378","56,08%","PP","216","32,04%","IULV-CA","63","9,34%","Córdoba","Santa Eufemia"
"PSOE","403","50,00%","PP","371","46,02%","IULV-CA","18","2,23%","Córdoba","Torrecampo"
"PSOE","3.033","55,45%","PP","1.840","33,64%","IULV-CA","398","7,27%","Córdoba","Villanueva de Córdoba"
"PSOE","541","50,32%","PP","472","43,90%","IULV-CA","32","2,97%","Córdoba","Pedroche"
"PSOE","1.478","54,98%","PP","599","22,28%","IULV-CA","375","13,95%","Córdoba","Hornachuelos"
"PP","561","53,02%","PSOE","434","41,02%","IULV-CA","30","2,83%","Córdoba","Villanueva del Duque"
"PSOE","118","51,98%","PP","91","40,08%","IULV-CA","10","4,40%","Córdoba","Valsequillo"
"PSOE","665","50,99%","PP","459","35,19%","IULV-CA","120","9,20%","Córdoba","Espiel"
"PSOE","510","51,35%","PP","319","32,12%","IULV-CA","74","7,45%","Córdoba","Obejo"
"PSOE","3.148","56,82%","PP","1.488","26,85%","IULV-CA","633","11,42%","Córdoba","Montoro"
"PSOE","402","57,26%","PP","219","31,19%","IULV-CA","52","7,40%","Córdoba","Villanueva del Rey"
"PSOE","1.620","42,91%","PP","952","25,21%","IULV-CA","798","21,13%","Córdoba","Almodóvar del Río"
"PSOE","1.155","53,62%","PP","688","31,94%","IULV-CA","231","10,72%","Córdoba","Villaviciosa de Córdoba"
"PSOE","1.331","45,67%","PP","1.072","36,78%","IULV-CA","436","14,96%","Córdoba","Adamuz"
"PSOE","263","62,61%","PP","106","25,23%","IULV-CA","32","7,61%","Córdoba","Villaharta"
"PSOE","997","40,26%","IULV-CA","864","34,89%","PP","535","21,60%","Córdoba","Espejo"
"PSOE","2.283","51,45%","PP","1.181","26,61%","IULV-CA","685","15,43%","Córdoba","Bujalance"
"PSOE","1.109","54,38%","PP","628","30,79%","IULV-CA","210","10,29%","Córdoba","Cañete de las Torres"
"PSOE","699","51,89%","PP","453","33,63%","IULV-CA","133","9,87%","Córdoba","Victoria (La)"
"PP","79.782","49,41%","PSOE","45.558","28,21%","IULV-CA","21.519","13,32%","Córdoba","Córdoba"
"PSOE","2.222","45,66%","PP","1.205","24,76%","IULV-CA","1.051","21,59%","Córdoba","Castro del Río"
"PSOE","1.490","36,81%","PP","1.216","30,04%","IULV-CA","1.192","29,45%","Córdoba","Villa del Río"
"PSOE","1.792","44,26%","PP","1.229","30,36%","IULV-CA","654","16,15%","Córdoba","Posadas"
"PSOE","643","34,88%","PP","615","33,36%","IULV-CA","525","28,48%","Córdoba","Pedro Abad"
"PSOE","3.329","53,42%","PP","1.678","26,92%","IULV-CA","934","14,98%","Córdoba","Fuente Palmera"
"PSOE","5.387","47,50%","PP","3.512","30,97%","IULV-CA","1.363","12,02%","Córdoba","Palma del Río"
"PSOE","1.620","42,91%","PP","952","25,21%","IULV-CA","798","21,13%","Córdoba","Almodóvar del Río"
"PSOE","3.329","53,42%","PP","1.678","26,92%","IULV-CA","934","14,98%","Córdoba","Fuente Palmera"
"PSOE","1.205","42,20%","PP","1.019","35,69%","IULV-CA","457","16,00%","Córdoba","Villafranca de Córdoba"
"PSOE","485","56,19%","PP","254","29,43%","IULV-CA","78","9,03%","Córdoba","Guadalcázar"
"PSOE","699","51,89%","PP","453","33,63%","IULV-CA","133","9,87%","Córdoba","Victoria (La)"
"PSOE","1.762","38,25%","PP","1.345","29,20%","IULV-CA","1.131","24,55%","Córdoba","Rambla (La)"
"PP","265","49,44%","PSOE","213","39,73%","IULV-CA","36","6,71%","Córdoba","San Sebastián de los Ballesteros"
"PSOE","4.093","54,76%","PP","2.312","30,93%","IULV-CA","650","8,69%","Córdoba","Carlota (La)"
"PSOE","5.283","50,99%","PP","3.388","32,70%","IULV-CA","1.156","11,15%","Córdoba","Baena"
"PSOE","1.623","56,62%","PP","778","27,14%","IULV-CA","304","10,60%","Córdoba","Benamejí"
"PP","4.564","39,43%","PSOE","4.453","38,47%","IULV-CA","974","8,41%","Córdoba","Cabra"
"PP","8.972","45,58%","PSOE","7.258","36,87%","IULV-CA","1.620","8,23%","Córdoba","Lucena"
"PSOE","1.604","52,52%","IULV-CA","839","27,47%","PP","527","17,25%","Córdoba","Doña Mencía"
"PSOE","720","49,21%","PP","591","40,39%","IULV-CA","65","4,44%","Córdoba","Almedinilla"
"PSOE","422","49,24%","PP","358","41,77%","IULV-CA","45","5,25%","Córdoba","Valenzuela"
"PSOE","732","52,58%","PP","417","29,95%","IULV-CA","142","10,20%","Córdoba","Encinas Reales"
"PSOE","459","49,78%","PA","215","23,31%","PP","187","20,28%","Córdoba","Palenciana"
"PSOE","661","39,65%","PP","574","34,43%","IULV-CA","309","18,53%","Córdoba","Carcabuey"
"PSOE","1.407","40,53%","IULV-CA","1.375","39,61%","PP","586","16,88%","Córdoba","Nueva Carteya"
"PSOE","287","57,17%","PP","160","31,87%","PA","26","5,17%","Córdoba","Fuente-Tójar"
"PSOE","1.140","53,67%","PP","734","34,55%","IULV-CA","170","8,00%","Córdoba","Luque"
"PSOE","303","63,78%","PP","102","21,47%","IULV-CA","51","10,73%","Córdoba","Zuheros"
"PSOE","561","47,82%","PP","444","37,85%","IULV-CA","125","10,65%","Granada","Castril"
"PSOE","1.283","53,30%","PP","837","34,77%","IULV-CA","109","4,52%","Córdoba","Iznájar"
"PSOE","458","55,92%","PP","303","36,99%","IULV-CA","20","2,44%","Granada","Castilléjar"
"PSOE","2.301","42,80%","PP","2.056","38,25%","IULV-CA","643","11,96%","Córdoba","Rute"
"PP","4.804","40,00%","PSOE","4.402","36,65%","PA","1.464","12,19%","Córdoba","Priego de Córdoba"
"PSOE","3.137","53,10%","PP","1.571","26,59%","IULV-CA","796","13,47%","Granada","Illora"
"PSOE","299","46,28%","PP","264","40,86%","IULV-CA","33","5,10%","Granada","Galera"
"PSOE","557","46,61%","PP","543","45,43%","IULV-CA","55","4,60%","Granada","Puebla de Don Fadrique"
"PSOE","915","49,62%","PP","797","43,22%","IULV-CA","84","4,55%","Granada","Algarinejo"
"PSOE","1.850","58,41%","PP","975","30,78%","IULV-CA","185","5,84%","Granada","Montefrío"
"PSOE","603","50,04%","PP","405","33,60%","IULV-CA","108","8,96%","Granada","Cortes de Baza"
"PSOE","1.402","52,76%","PP","815","30,67%","PA","266","10,01%","Granada","Caniles"
"PSOE","1.006","65,58%","PP","387","25,22%","IULV-CA","90","5,86%","Granada","Zújar"
"PSOE","799","63,01%","PP","320","25,23%","PA","88","6,94%","Granada","Benamaurel"
"PSOE","4.295","41,84%","PP","4.271","41,60%","IULV-CA","718","6,99%","Granada","Baza"
"PSOE","1.327","48,71%","PP","943","34,61%","IULV-CA","367","13,47%","Granada","Cúllar"
"PSOE","285","64,04%","PP","97","21,79%","IULV-CA","37","8,31%","Granada","Aldeire"
"PSOE","146","55,93%","PP","67","25,67%","PA","26","9,96%","Granada","Albuñán"
"PSOE","665","59,90%","PP","318","28,64%","PA","62","5,58%","Granada","Cuevas del Campo"
"PP","207","44,23%","PSOE","205","43,80%","IULV-CA","46","9,82%","Granada","Cogollos de Guadix"
"PSOE","338","55,40%","PP","182","29,83%","IULV-CA","79","12,95%","Granada","Freila"
"PSOE","480","62,50%","PP","249","32,42%","IULV-CA","20","2,60%","Granada","Darro"
"PSOE","807","49,02%","PP","400","24,30%","IULV-CA","398","24,17%","Granada","Benalúa"
"PSOE","269","52,64%","PP","190","37,18%","IULV-CA","33","6,45%","Granada","Alquife"
"PSOE","136","62,38%","PP","62","28,44%","IULV-CA","16","7,33%","Granada","Beas de Guadix"
"PSOE","1.648","61,83%","PP","548","20,56%","IULV-CA","382","14,33%","Granada","Moclín"
"PP","313","53,87%","PSOE","216","37,17%","IULV-CA","26","4,47%","Granada","Cortes y Graena"
"PSOE","254","53,36%","PP","207","43,48%","IULV-CA","11","2,31%","Granada","Diezma"
"PSOE","139","57,91%","PP","83","34,58%","PRAO","7","2,91%","Granada","Ferreira"
"PP","161","48,93%","PSOE","155","47,11%","IULV-CA","9","2,73%","Granada","Dehesas de Guadix"
"PSOE","437","71,99%","PP","139","22,89%","IULV-CA","29","4,77%","Granada","Fonelas"
"PSOE","235","76,79%","PP","49","16,01%","IULV-CA","16","5,22%","Granada","Gorafe"
"PSOE","173","48,18%","PP","134","37,32%","IULV-CA","32","8,91%","Granada","Dólar"
"PSOE","273","55,60%","PP","165","33,60%","IULV-CA","38","7,73%","Granada","Gor"
"PSOE","338","55,40%","PP","182","29,83%","IULV-CA","79","12,95%","Granada","Freila"
"PSOE","220","53,78%","PP","146","35,69%","IULV-CA","22","5,37%","Granada","Lanteira"
"PSOE","307","45,88%","PP","272","40,65%","IULV-CA","46","6,87%","Granada","Huéneja"
"PP","4.274","44,30%","PSOE","4.187","43,40%","IULV-CA","760","7,87%","Granada","Guadix"
"PSOE","163","62,45%","PP","89","34,09%","IULV-CA","5","1,91%","Granada","Huélago"
"PSOE","337","51,13%","PP","242","36,72%","IULV-CA","56","8,49%","Granada","Jerez del Marquesado"
"PSOE","276","54,87%","PP","162","32,20%","IULV-CA","42","8,34%","Granada","Calahorra (La)"
"PSOE","136","59,64%","PP","76","33,33%","UPYD","7","3,07%","Granada","Lugros"
"PP","151","54,90%","PSOE","93","33,81%","IULV-CA","19","6,90%","Granada","Marchal"
"PSOE","806","52,54%","PP","678","44,19%","UPYD","22","1,43%","Granada","Valle del Zalabí"
"PP","369","50,34%","PSOE","338","46,11%","IULV-CA","14","1,90%","Granada","Peza (La)"
"PSOE","287","63,91%","PP","107","23,83%","IULV-CA","51","11,35%","Granada","Villanueva de las Torres"
"PSOE","723","57,29%","PP","406","32,17%","IULV-CA","83","6,57%","Granada","Purullena"
"PP","3.786","42,86%","PSOE","3.086","34,93%","IULV-CA","1.189","13,46%","Granada","Albolote"
"PSOE","90","50,27%","PP","76","42,45%","UPYD","8","4,46%","Granada","Polícar"
"PP","4.262","44,00%","PSOE","3.482","35,95%","IULV-CA","918","9,47%","Granada","Armilla"
"PSOE","3.453","46,28%","PP","2.474","33,15%","IULV-CA","967","12,96%","Granada","Atarfe"
"PSOE","299","46,57%","PP","244","38,00%","IULV-CA","68","10,59%","Granada","Beas de Granada"
"PSOE","1.209","43,24%","PP","1.122","40,12%","IULV-CA","294","10,51%","Granada","Alfacar"
"PP","1.699","46,84%","PSOE","1.311","36,14%","IULV-CA","303","8,35%","Granada","Alhendín"
"PP","1.366","42,13%","PSOE","1.129","34,82%","IULV-CA","426","13,14%","Granada","Cenes de la Vega"
"PP","1.345","55,30%","PSOE","654","26,89%","IULV-CA","254","10,44%","Granada","Cájar"
"PSOE","1.331","47,18%","PP","839","29,74%","IULV-CA","555","19,67%","Granada","Chauchina"
"PP","2.615","45,15%","PSOE","2.157","37,24%","IULV-CA","475","8,20%","Granada","Churriana de la Vega"
"PP","192","50,00%","PSOE","157","40,88%","IULV-CA","18","4,68%","Granada","Calicasas"
"PSOE","757","50,26%","PP","471","31,27%","IULV-CA","186","12,35%","Granada","Cijuela"
"PP","95","43,18%","PSOE","89","40,45%","IULV-CA","18","8,18%","Granada","Dúdar"
"PP","503","47,85%","PSOE","358","34,06%","IULV-CA","106","10,08%","Granada","Dílar"
"PSOE","484","43,06%","PP","412","36,65%","IULV-CA","148","13,16%","Granada","Cogollos de la Vega"
"PSOE","1.504","59,07%","PP","533","20,93%","IULV-CA","416","16,33%","Granada","Fuente Vaqueros"
"PP","1.457","44,77%","PSOE","1.130","34,72%","IULV-CA","365","11,21%","Granada","Cúllar Vega"
"PP","2.736","48,53%","PSOE","1.738","30,83%","IULV-CA","668","11,85%","Granada","Huétor Vega"
"PP","67.249","54,74%","PSOE","34.127","27,78%","IULV-CA","11.065","9,00%","Granada","Granada"
"PSOE","796","47,35%","PP","580","34,50%","IULV-CA","163","9,69%","Granada","Jun"
"PSOE","2.862","55,19%","PP","1.591","30,68%","IULV-CA","422","8,13%","Granada","Huétor Tájar"
"PP","1.372","51,34%","PSOE","844","31,58%","IULV-CA","237","8,86%","Granada","Gójar"
"PSOE","470","41,59%","PP","417","36,90%","IULV-CA","162","14,33%","Granada","Huétor de Santillán"
"PP","3.749","44,06%","PSOE","2.874","33,77%","IULV-CA","1.124","13,21%","Granada","Zubia (La)"
"PSOE","923","53,47%","PP","529","30,64%","IULV-CA","212","12,28%","Granada","Láchar"
"PSOE","4.011","40,23%","PP","3.524","35,34%","IULV-CA","1.573","15,77%","Granada","Maracena"
"PSOE","5.073","47,64%","PP","4.183","39,28%","IULV-CA","774","7,26%","Granada","Loja"
"PSOE","773","47,98%","IULV-CA","462","28,67%","PP","344","21,35%","Granada","Moraleda de Zafayona"
"PP","3.167","40,79%","PSOE","3.134","40,37%","IULV-CA","658","8,47%","Granada","Gabias (Las)"
"PP","1.421","44,81%","PSOE","1.071","33,77%","IULV-CA","402","12,67%","Granada","Monachil"
"PP","240","45,11%","PSOE","148","27,81%","IULV-CA","89","16,72%","Granada","Nívar"
"PP","1.900","54,00%","PSOE","1.055","29,98%","IULV-CA","295","8,38%","Granada","Otura"
"PP","333","48,05%","PSOE","245","35,35%","IULV-CA","66","9,52%","Granada","Pinos Genil"
"PP","3.209","49,38%","PSOE","2.054","31,60%","IULV-CA","637","9,80%","Granada","Ogíjares"
"PP","2.068","39,04%","PSOE","1.752","33,07%","IULV-CA","1.089","20,55%","Granada","Peligros"
"PSOE","4.091","61,16%","PP","1.568","23,44%","IULV-CA","839","12,54%","Granada","Pinos Puente"
"PSOE","1.699","40,64%","PP","1.673","40,02%","IULV-CA","413","9,88%","Granada","Vegas del Genil"
"PSOE","1.131","46,21%","PP","843","34,45%","IULV-CA","306","12,50%","Granada","Pulianas"
"PSOE","3.585","46,14%","PP","3.155","40,61%","IULV-CA","640","8,23%","Granada","Santa Fe"
"PSOE","738","46,50%","IULV-CA","419","26,40%","PP","391","24,63%","Granada","Salar"
"PP","239","44,34%","PSOE","207","38,40%","IULV-CA","67","12,43%","Granada","Quéntar"
"PP","341","57,50%","PSOE","212","35,75%","IULV-CA","15","2,52%","Granada","Zagra"
"PSOE","1.296","43,38%","PP","1.250","41,84%","IULV-CA","280","9,37%","Granada","Alhama de Granada"
"PSOE","117","56,52%","PP","80","38,64%","IULV-CA","8","3,86%","Granada","Agrón"
"PSOE","674","55,65%","PP","408","33,69%","IULV-CA","69","5,69%","Granada","Villanueva Mesía"
"PP","202","38,62%","PSOE","196","37,47%","IULV-CA","87","16,63%","Granada","Víznar"
"PSOE","583","57,04%","PP","375","36,69%","IULV-CA","43","4,20%","Granada","Arenas del Rey"
"PSOE","168","44,80%","PP","106","28,26%","IULV-CA","92","24,53%","Granada","Cacín"
"PSOE","252","54,31%","PP","162","34,91%","IULV-CA","32","6,89%","Granada","Escúzar"
"PSOE","171","48,44%","PP","146","41,35%","IULV-CA","23","6,51%","Granada","Santa Cruz del Comercio"
"PSOE","411","59,39%","PP","235","33,95%","IULV-CA","23","3,32%","Granada","Jayena"
"PP","367","43,95%","PSOE","304","36,40%","IULV-CA","153","18,32%","Granada","Chimeneas"
"PSOE","438","42,77%","IULV-CA","314","30,66%","PP","220","21,48%","Granada","Malahá (La)"
"PSOE","359","60,13%","PP","154","25,79%","IULV-CA","41","6,86%","Granada","Albuñuelas"
"PP","262","47,63%","PSOE","240","43,63%","IULV-CA","28","5,09%","Granada","Pinar (El)"
"PP","211","47,73%","PSOE","172","38,91%","IULV-CA","37","8,37%","Granada","Ventas de Huelma"
"PSOE","648","51,92%","PP","411","32,93%","IULV-CA","165","13,22%","Granada","Zafarraya"
"PSOE","1.638","43,72%","PP","1.355","36,17%","IULV-CA","358","9,55%","Granada","Dúrcal"
"PSOE","1.795","42,81%","PP","1.467","34,99%","IULV-CA","640","15,26%","Granada","Padul"
"PSOE","400","55,02%","PP","265","36,45%","IULV-CA","38","5,22%","Granada","Valle (El)"
"PSOE","582","45,04%","PP","543","42,02%","IULV-CA","74","5,72%","Granada","Lecrín"
"PP","273","51,41%","PSOE","230","43,31%","IULV-CA","17","3,20%","Granada","Albondón"
"PP","1.236","48,47%","PSOE","1.037","40,66%","IULV-CA","169","6,62%","Granada","Albuñol"
"PSOE","301","50,50%","PP","207","34,73%","IULV-CA","50","8,38%","Granada","Villamena"
"PP","225","49,34%","PSOE","201","44,07%","IULV-CA","13","2,85%","Granada","Jete"
"PSOE","148","65,48%","PP","52","23,00%","IULV-CA","23","10,17%","Granada","Lentegí"
"PSOE","345","55,28%","PP","260","41,66%","IULV-CA","15","2,40%","Granada","Itrabo"
"PP","5.181","50,54%","PSOE","3.027","29,53%","IULV-CA","984","9,60%","Granada","Almuñécar"
"PSOE","836","47,68%","PP","800","45,63%","IULV-CA","56","3,19%","Granada","Gualchos"
"PP","342","49,13%","PSOE","316","45,40%","IULV-CA","25","3,59%","Granada","Guajares (Los)"
"PP","900","53,38%","PSOE","684","40,56%","IULV-CA","53","3,14%","Granada","Molvízar"
"PP","167","65,74%","PSOE","75","29,52%","IULV-CA","6","2,36%","Granada","Lújar"
"PP","359","51,43%","PSOE","278","39,82%","IULV-CA","38","5,44%","Granada","Otívar"
"PP","11.103","44,61%","PSOE","9.447","37,95%","IULV-CA","2.463","9,89%","Granada","Motril"
"PSOE","2.690","49,15%","PP","1.918","35,04%","IULV-CA","600","10,96%","Granada","Salobreña"
"PP","120","47,61%","PSOE","107","42,46%","IULV-CA","20","7,93%","Granada","Sorvilán"
"PSOE","123","51,25%","PP","89","37,08%","IULV-CA","18","7,50%","Granada","Rubite"
"PSOE","345","50,07%","PP","305","44,26%","IULV-CA","18","2,61%","Granada","Polopos"
"PSOE","716","45,08%","PP","630","39,67%","IULV-CA","193","12,15%","Granada","Vélez de Benaudalla"
"PSOE","115","51,33%","PP","99","44,19%","IULV-CA","9","4,01%","Granada","Busquístar"
"PSOE","148","58,96%","PP","89","35,45%","IULV-CA","9","3,58%","Granada","Almegíjar"
"PSOE","299","50,25%","PP","185","31,09%","IULV-CA","54","9,07%","Granada","Alpujarra de la Sierra"
"PSOE","250","53,30%","PP","170","36,24%","IULV-CA","29","6,18%","Granada","Bérchules"
"PP","457","49,40%","PSOE","402","43,45%","IULV-CA","31","3,35%","Granada","Cádiar"
"PSOE","38","46,91%","PP","36","44,44%","IULV-CA","3","3,70%","Granada","Juviles"
"PSOE","68","53,54%","PP","43","33,85%","IULV-CA","8","6,29%","Granada","Cástaras"
"PP","95","57,92%","PSOE","42","25,60%","IULV-CA","19","11,58%","Granada","Bubión"
"PSOE","135","43,13%","PP","120","38,33%","IULV-CA","37","11,82%","Granada","Capileira"
"PP","53","71,62%","PSOE","9","12,16%","IULV-CA","8","10,81%","Granada","Carataunas"
"PP","166","46,23%","PSOE","140","38,99%","IULV-CA","34","9,47%","Granada","Taha (La)"
"PSOE","349","49,71%","PP","290","41,31%","IULV-CA","34","4,84%","Granada","Nevada"
"PSOE","87","54,71%","PP","57","35,84%","IULV-CA","9","5,66%","Granada","Cáñar"
"PP","906","43,57%","PSOE","898","43,19%","IULV-CA","133","6,39%","Granada","Lanjarón"
"PSOE","57","51,81%","PP","37","33,63%","IULV-CA","11","10,00%","Granada","Lobras"
"PSOE","102","56,04%","PP","45","24,72%","IULV-CA","25","13,73%","Granada","Pampaneira"
"PSOE","194","50,91%","PP","157","41,20%","IULV-CA","21","5,51%","Granada","Torvizcón"
"PSOE","1.115","50,49%","PP","800","36,23%","IULV-CA","162","7,33%","Granada","Órgiva"
"PSOE","141","75,40%","PP","25","13,36%","IULV-CA","14","7,48%","Granada","Soportújar"
"PP","215","68,47%","PSOE","83","26,43%","IULV-CA","8","2,54%","Granada","Murtas"
"PP","127","53,13%","PSOE","91","38,07%","IULV-CA","14","5,85%","Granada","Pórtugos"
"EQUO","254","55,09%","PP","165","35,79%","IULV-CA","25","5,42%","Granada","Válor"
"PP","139","78,97%","PSOE","33","18,75%","EQUO","2","1,13%","Granada","Turón"
"PSOE","338","68,42%","PP","131","26,51%","IULV-CA","20","4,04%","Granada","Alamedilla"
"PSOE","681","53,45%","PP","504","39,56%","IULV-CA","59","4,63%","Granada","Ugíjar"
"PSOE","177","43,92%","IULV-CA","130","32,25%","PP","81","20,09%","Granada","Trevélez"
"PSOE","536","63,43%","PP","252","29,82%","IULV-CA","32","3,78%","Granada","Colomera"
"PSOE","403","47,86%","PP","267","31,71%","IULV-CA","129","15,32%","Granada","Campotéjar"
"PSOE","871","62,34%","PP","346","24,76%","IULV-CA","156","11,16%","Granada","Deifontes"
"PP","414","52,20%","PSOE","339","42,74%","IULV-CA","22","2,77%","Granada","Montillana"
"PP","161","48,93%","PSOE","155","47,11%","IULV-CA","9","2,73%","Granada","Dehesas de Guadix"
"PSOE","369","47,12%","PP","354","45,21%","IULV-CA","49","6,25%","Granada","Benalúa de las Villas"
"PSOE","589","49,62%","IULV-CA","300","25,27%","PP","276","23,25%","Granada","Guadahortuna"
"PSOE","1.028","63,81%","PP","403","25,01%","IULV-CA","149","9,24%","Granada","Montejícar"
"PSOE","1.813","51,60%","PP","870","24,76%","IULV-CA","732","20,83%","Granada","Iznalloz"
"PSOE","247","60,68%","PP","95","23,34%","IULV-CA","37","9,09%","Huelva","Alájar"
"PP","118","51,08%","PSOE","104","45,02%","IULV-CA","4","1,73%","Granada","Gobernador"
"PSOE","382","46,69%","IULV-CA","274","33,49%","PP","152","18,58%","Granada","Píñar"
"PSOE","238","48,17%","PP","237","47,97%","IULV-CA","10","2,02%","Granada","Morelábor"
"PSOE","350","53,68%","PP","270","41,41%","IULV-CA","18","2,76%","Granada","Torre-Cardela"
"PSOE","543","70,24%","PP","170","21,99%","IULV-CA","44","5,69%","Granada","Pedro Martínez"
"PSOE","1.598","43,47%","PP","1.210","32,91%","IULV-CA","628","17,08%","Huelva","Aracena"
"PSOE","1.154","64,28%","PP","481","26,79%","IULV-CA","106","5,90%","Huelva","Aroche"
"PSOE","682","64,09%","PP","261","24,53%","IULV-CA","75","7,04%","Huelva","Almonaster la Real"
"PSOE","457","56,77%","IULV-CA","196","24,34%","PP","129","16,02%","Huelva","Cala"
"PSOE","158","63,20%","PP","67","26,80%","IULV-CA","21","8,40%","Huelva","Cañaveral de León"
"PSOE","308","55,00%","PP","142","25,35%","IULV-CA","87","15,53%","Huelva","Arroyomolinos de León"
"PSOE","77","66,95%","PP","24","20,86%","IULV-CA","9","7,82%","Huelva","Castaño del Robledo"
"PSOE","98","56,32%","PP","39","22,41%","IULV-CA","11","6,32%","Huelva","Cortelazor"
"PSOE","201","54,91%","IULV-CA","94","25,68%","PP","58","15,84%","Huelva","Fuenteheridos"
"PSOE","423","52,41%","PP","281","34,82%","IULV-CA","85","10,53%","Huelva","Encinasola"
"PSOE","629","52,90%","PP","385","32,38%","UCE","93","7,82%","Huelva","Cumbres Mayores"
"PSOE","1.281","50,73%","PP","930","36,83%","IULV-CA","198","7,84%","Huelva","Cortegana"
"PSOE","164","46,72%","PP","83","23,64%","IULV-CA","82","23,36%","Huelva","Corteconcepción"
"PSOE","474","56,76%","PP","246","29,46%","IULV-CA","71","8,50%","Huelva","Galaroza"
"PP","318","45,62%","PSOE","254","36,44%","IULV-CA","76","10,90%","Huelva","Higuera de la Sierra"
"PSOE","190","62,70%","PP","75","24,75%","IULV-CA","30","9,90%","Huelva","Cumbres de San Bartolomé"
"PSOE","861","64,39%","PP","318","23,78%","IULV-CA","104","7,77%","Huelva","Jabugo"
"PSOE","25","56,81%","PP","17","38,63%","IULV-CA","1","2,27%","Huelva","Cumbres de Enmedio"
"PSOE","119","57,48%","PP","73","35,26%","IULV-CA","9","4,34%","Huelva","Nava (La)"
"PSOE","479","52,34%","PP","370","40,43%","IULV-CA","28","3,06%","Huelva","Rosal de la Frontera"
"PSOE","114","60,63%","PP","37","19,68%","IULV-CA","22","11,70%","Huelva","Linares de la Sierra"
"PSOE","126","79,24%","PP","17","10,69%","IULV-CA","9","5,66%","Huelva","Puerto Moral"
"PSOE","224","71,33%","PP","49","15,60%","IULV-CA","30","9,55%","Huelva","Santa Ana la Real"
"PSOE","1.486","62,41%","PP","544","22,84%","IULV-CA","253","10,62%","Huelva","Alosno"
"PSOE","167","69,29%","PP","62","25,72%","IULV-CA","4","1,65%","Huelva","Hinojales"
"PSOE","724","61,72%","PP","372","31,71%","IULV-CA","44","3,75%","Huelva","Santa Olalla del Cala"
"PSOE","147","63,36%","PP","54","23,27%","IULV-CA","19","8,18%","Huelva","Marines (Los)"
"PSOE","297","56,78%","PP","130","24,85%","IULV-CA","84","16,06%","Huelva","Zufre"
"PSOE","101","57,06%","PP","53","29,94%","IULV-CA","12","6,77%","Huelva","Valdelarco"
"PSOE","405","63,47%","PP","180","28,21%","IULV-CA","34","5,32%","Huelva","Paymogo"
"PSOE","230","59,12%","IULV-CA","74","19,02%","PP","67","17,22%","Huelva","Cabezas Rubias"
"PSOE","797","57,50%","PP","362","26,11%","IULV-CA","174","12,55%","Huelva","Cerro de Andévalo (El)"
"PSOE","3.438","44,88%","PP","2.981","38,92%","IULV-CA","651","8,49%","Huelva","Ayamonte"
"PSOE","373","57,03%","PP","216","33,02%","PA","33","5,04%","Huelva","Santa Bárbara de Casa"
"PSOE","381","74,12%","IULV-CA","79","15,36%","PP","37","7,19%","Huelva","Almendro (El)"
"PSOE","246","67,58%","PP","66","18,13%","IULV-CA","41","11,26%","Huelva","Granado (El)"
"PSOE","1.195","67,74%","PP","342","19,38%","IULV-CA","124","7,02%","Huelva","Puebla de Guzmán"
"PSOE","1.390","71,06%","PP","388","19,83%","IULV-CA","102","5,21%","Huelva","San Bartolomé de la Torre"
"PSOE","146","55,93%","PP","95","36,39%","IULV-CA","13","4,98%","Huelva","Villanueva de las Cruces"
"PSOE","289","68,97%","PP","98","23,38%","IULV-CA","16","3,81%","Huelva","San Silvestre de Guzmán"
"PP","95","49,22%","PSOE","85","44,04%","IULV-CA","9","4,66%","Huelva","Sanlúcar de Guadiana"
"PSOE","1.337","59,47%","PP","586","26,06%","IULV-CA","201","8,94%","Huelva","Calañas"
"PSOE","113","43,29%","PP","100","38,31%","IULV-CA","43","16,47%","Huelva","Berrocal"
"PSOE","1.063","51,03%","PP","609","29,23%","IULV-CA","326","15,65%","Huelva","Minas de Riotinto"
"PSOE","569","48,67%","PP","459","39,26%","PA","56","4,79%","Huelva","Villablanca"
"PSOE","1.520","56,06%","PP","615","22,68%","IULV-CA","416","15,34%","Huelva","Nerva"
"PSOE","860","57,87%","PP","387","26,04%","IULV-CA","191","12,85%","Huelva","Villanueva de los Castillejos"
"PSOE","245","55,55%","PP","123","27,89%","IULV-CA","55","12,47%","Huelva","Campofrío"
"PSOE","2.964","47,15%","PP","2.580","41,04%","IULV-CA","491","7,81%","Huelva","Gibraleón"
"PSOE","66","45,20%","PP","55","37,67%","IULV-CA","15","10,27%","Huelva","Granada de Río-Tinto (La)"
"PSOE","692","58,84%","PP","265","22,53%","IULV-CA","107","9,09%","Huelva","Campillo (El)"
"PP","2.751","42,37%","PSOE","2.459","37,87%","IULV-CA","595","9,16%","Huelva","Cartaya"
"PSOE","1.013","51,57%","IULV-CA","469","23,87%","PP","426","21,69%","Huelva","Zalamea la Real"
"PSOE","3.508","45,87%","PP","3.213","42,01%","IULV-CA","470","6,14%","Huelva","Moguer"
"PSOE","3.240","45,51%","PP","2.603","36,56%","IULV-CA","854","11,99%","Huelva","Valverde del Camino"
"PSOE","1.323","55,70%","PP","684","28,80%","IULV-CA","247","10,40%","Huelva","Beas"
"PP","5.335","57,88%","PSOE","2.455","26,63%","IULV-CA","595","6,45%","Huelva","Lepe"
"PP","3.100","44,75%","PSOE","2.845","41,07%","IULV-CA","463","6,68%","Huelva","Punta Umbría"
"PP","27.850","43,33%","PSOE","22.899","35,62%","IULV-CA","7.945","12,36%","Huelva","Huelva"
"PP","598","49,50%","PSOE","529","43,79%","IULV-CA","42","3,47%","Huelva","Lucena del Puerto"
"PSOE","780","56,07%","PP","521","37,45%","IULV-CA","54","3,88%","Huelva","Chucena"
"PSOE","1.136","52,73%","PP","655","30,40%","IULV-CA","260","12,07%","Huelva","Hinojos"
"PSOE","3.508","45,87%","PP","3.213","42,01%","IULV-CA","470","6,14%","Huelva","Moguer"
"PP","2.225","34,09%","PSOE","2.138","32,76%","IULV-CA","1.791","27,44%","Huelva","Bollullos Par del Condado"
"PP","3.078","55,86%","PSOE","1.842","33,43%","IULV-CA","291","5,28%","Huelva","Palma del Condado (La)"
"PSOE","1.665","53,21%","PP","1.042","33,30%","PA","184","5,88%","Huelva","Bonares"
"PSOE","647","49,80%","PP","400","30,79%","IULV-CA","218","16,78%","Huelva","Escacena del Campo"
"PSOE","1.956","48,68%","PP","1.319","32,82%","IULV-CA","357","8,88%","Huelva","San Juan del Puerto"
"PSOE","630","47,58%","PP","342","25,83%","IULV-CA","322","24,32%","Huelva","Manzanilla"
"PSOE","662","64,96%","PP","323","31,69%","IULV-CA","22","2,15%","Jaén","Chilluévar"
"PSOE","1.227","57,28%","PP","493","23,01%","IULV-CA","341","15,91%","Huelva","Paterna del Campo"
"PSOE","1.758","55,93%","PP","956","30,41%","IULV-CA","175","5,56%","Huelva","Rociana del Condado"
"PSOE","2.053","46,42%","PP","1.767","39,95%","IULV-CA","346","7,82%","Jaén","Cazorla"
"PSOE","1.112","53,02%","PP","636","30,32%","PA","175","8,34%","Huelva","Niebla"
"PSOE","1.871","47,29%","PP","1.149","29,04%","IULV-CA","758","19,16%","Huelva","Trigueros"
"PSOE","895","51,28%","PP","546","31,28%","IULV-CA","271","15,53%","Huelva","Villalba del Alcor"
"PSOE","725","55,55%","PP","464","35,55%","IULV-CA","65","4,98%","Huelva","Villarrasa"
"PSOE","1.127","45,24%","PP","1.077","43,23%","IULV-CA","120","4,81%","Jaén","Pozo Alcón"
"PSOE","668","42,76%","IULV-CA","446","28,55%","PP","426","27,27%","Jaén","Huesa"
"PP","149","56,01%","PSOE","107","40,22%","IULV-CA","6","2,25%","Jaén","Hinojares"
"PSOE","1.623","46,42%","PP","1.473","42,13%","UPYD","180","5,14%","Jaén","Peal de Becerro"
"PSOE","744","57,45%","PP","466","35,98%","IULV-CA","53","4,09%","Jaén","Iruela (La)"
"PSOE","871","62,39%","PP","443","31,73%","IULV-CA","55","3,93%","Jaén","Santo Tomé"
"PSOE","1.879","53,79%","PP","1.261","36,10%","IULV-CA","228","6,52%","Jaén","Quesada"
"PSOE","205","47,23%","PP","186","42,85%","PA","24","5,52%","Jaén","Higuera de Calatrava"
"PSOE","481","52,97%","PP","362","39,86%","IULV-CA","38","4,18%","Jaén","Fuerte del Rey"
"PSOE","1.104","55,75%","PP","701","35,40%","PA","91","4,59%","Jaén","Fuensanta de Martos"
"PSOE","2.834","46,38%","PP","2.493","40,80%","IULV-CA","511","8,36%","Jaén","Mancha Real"
"PP","32.250","52,92%","PSOE","19.634","32,21%","IULV-CA","4.330","7,10%","Jaén","Jaén"
"PP","1.580","47,82%","PSOE","1.396","42,25%","IULV-CA","179","5,41%","Jaén","Villares (Los)"
"PSOE","1.011","46,84%","PP","958","44,39%","IULV-CA","77","3,56%","Jaén","Jamilena"
"PP","1.354","54,42%","PSOE","890","35,77%","IULV-CA","108","4,34%","Jaén","Guardia de Jaén (La)"
"PSOE","6.126","48,26%","PP","4.524","35,64%","IULV-CA","795","6,26%","Jaén","Martos"
"PSOE","3.523","44,87%","PP","2.814","35,84%","IULV-CA","1.070","13,63%","Jaén","Torre del Campo"
"PSOE","2.101","47,12%","PP","1.749","39,23%","IULV-CA","250","5,60%","Jaén","Porcuna"
"PSOE","271","52,11%","PP","214","41,15%","IULV-CA","24","4,61%","Jaén","Santiago de Calatrava"
"PSOE","2.577","51,03%","PP","2.072","41,03%","IULV-CA","216","4,27%","Jaén","Mengíbar"
"PSOE","1.207","45,02%","PP","1.040","38,79%","IULV-CA","377","14,06%","Jaén","Villatorres"
"PP","9.069","44,56%","PSOE","8.336","40,96%","IULV-CA","1.384","6,80%","Jaén","Andújar"
"PSOE","1.123","60,50%","PP","462","24,89%","PA","183","9,85%","Jaén","Torreblascopedro"
"PSOE","403","51,53%","PP","333","42,58%","IULV-CA","32","4,09%","Jaén","Villardompardo"
"PP","3.196","39,49%","PSOE","2.389","29,51%","IULV-CA","2.014","24,88%","Jaén","Torredonjimeno"
"PSOE","1.186","51,23%","PP","663","28,63%","PA","328","14,16%","Jaén","Arjonilla"
"PSOE","2.338","62,90%","PP","1.006","27,06%","IULV-CA","212","5,70%","Jaén","Arjona"
"PSOE","382","63,45%","PP","187","31,06%","IULV-CA","15","2,49%","Jaén","Cazalilla"
"PSOE","462","69,68%","PP","125","18,85%","IULV-CA","51","7,69%","Jaén","Escañuela"
"PSOE","371","74,64%","PP","97","19,51%","IULV-CA","17","3,42%","Jaén","Espelúy"
"PSOE","1.054","45,06%","PP","692","29,58%","IULV-CA","526","22,48%","Jaén","Lopera"
"PSOE","540","42,38%","IULV-CA","352","27,62%","PP","331","25,98%","Jaén","Lahiguera"
"PSOE","2.203","48,50%","PP","1.530","33,68%","IULV-CA","506","11,14%","Jaén","Marmolejo"
"PSOE","1.461","66,53%","PP","479","21,81%","IULV-CA","202","9,19%","Jaén","Villanueva de la Reina"
"PSOE","388","52,93%","PP","319","43,51%","IULV-CA","15","2,04%","Jaén","Chiclana de Segura"
"PSOE","699","58,15%","PP","336","27,95%","IULV-CA","136","11,31%","Jaén","Arquillos"
"PSOE","674","53,96%","PP","530","42,43%","IULV-CA","40","3,20%","Jaén","Montizón"
"PSOE","1.517","50,92%","PP","1.144","38,40%","PA","145","4,86%","Jaén","Santisteban del Puerto"
"PSOE","1.091","50,50%","PP","918","42,50%","IULV-CA","68","3,14%","Jaén","Castellar"
"PP","4.609","48,45%","PSOE","3.802","39,97%","IULV-CA","664","6,98%","Jaén","Baeza"
"PSOE","1.529","54,96%","PP","928","33,35%","IULV-CA","260","9,34%","Jaén","Navas de San Juan"
"PSOE","404","50,31%","PP","352","43,83%","IULV-CA","32","3,98%","Jaén","Sorihuela del Guadalimar"
"PSOE","994","48,89%","PP","678","33,34%","IULV-CA","298","14,65%","Jaén","Begíjar"
"PSOE","1.750","57,13%","PP","842","27,48%","IULV-CA","386","12,60%","Jaén","Vilches"
"PSOE","330","49,40%","IULV-CA","178","26,64%","PP","140","20,95%","Jaén","Lupión"
"PP","8.206","44,19%","PSOE","7.261","39,10%","IULV-CA","1.689","9,09%","Jaén","Úbeda"
"IULV-CA","518","37,21%","PSOE","450","32,32%","PP","371","26,65%","Jaén","Canena"
"PSOE","1.104","56,52%","PP","608","31,13%","IULV-CA","209","10,70%","Jaén","Ibros"
"PP","353","55,32%","PSOE","251","39,34%","IULV-CA","14","2,19%","Jaén","Iznatoraf"
"PSOE","1.135","49,11%","PP","861","37,25%","IULV-CA","217","9,38%","Jaén","Rus"
"PP","8.206","44,19%","PSOE","7.261","39,10%","IULV-CA","1.689","9,09%","Jaén","Úbeda"
"PSOE","404","50,31%","PP","352","43,83%","IULV-CA","32","3,98%","Jaén","Sorihuela del Guadalimar"
"PSOE","1.349","52,12%","PP","951","36,74%","IULV-CA","190","7,34%","Jaén","Sabiote"
"PSOE","2.257","50,66%","PP","1.309","29,38%","IULV-CA","707","15,86%","Jaén","Torreperogil"
"PSOE","682","51,08%","PP","551","41,27%","IULV-CA","59","4,41%","Jaén","Arroyo del Ojanco"
"PSOE","3.015","48,73%","PP","2.645","42,75%","IULV-CA","341","5,51%","Jaén","Villacarrillo"
"","","","2008","2004","2000","Partidos","Votos","Partidos","Jaén","[Comunidad-de-benatae-y-torres-de-albanchez]"
"PSOE","1.978","47,10%","PP","1.729","41,17%","IULV-CA","232","5,52%","Jaén","Villanueva del Arzobispo"
"PSOE","1.633","54,32%","PP","1.166","38,78%","IULV-CA","128","4,25%","Jaén","Beas de Segura"
"PSOE","208","58,42%","PP","116","32,58%","IULV-CA","30","8,42%","Jaén","Benatae"
"PSOE","246","57,74%","PP","152","35,68%","IULV-CA","9","2,11%","Jaén","Génave"
"PSOE","675","49,09%","PP","598","43,49%","IULV-CA","48","3,49%","Jaén","Puente de Génave"
"PSOE","226","54,85%","PP","170","41,26%","IULV-CA","13","3,15%","Jaén","Hornos"
"PSOE","815","52,04%","PP","635","40,54%","IULV-CA","51","3,25%","Jaén","Puerta de Segura (La)"
"PSOE","1.051","52,18%","PP","795","39,47%","IULV-CA","119","5,90%","Jaén","Santiago-Pontones"
"PSOE","457","52,34%","PP","371","42,49%","IULV-CA","24","2,74%","Jaén","Albanchez de Mágina"
"PSOE","618","50,44%","PP","507","41,38%","IULV-CA","55","4,48%","Jaén","Orcera"
"PP","336","51,77%","PSOE","282","43,45%","IULV-CA","21","3,23%","Jaén","Torres de Albánchez"
"PSOE","182","58,52%","PP","114","36,65%","IULV-CA","8","2,57%","Jaén","Villarrodrigo"
"PSOE","718","60,03%","PP","373","31,18%","IULV-CA","57","4,76%","Jaén","Segura de la Sierra"
"PSOE","716","48,44%","PP","661","44,72%","IULV-CA","61","4,12%","Jaén","Siles"
"PSOE","540","41,22%","PP","412","31,45%","IULV-CA","320","24,42%","Jaén","Campillo de Arenas"
"PSOE","1.218","60,44%","PP","673","33,39%","IULV-CA","63","3,12%","Jaén","Bedmar y Garcíez"
"PSOE","963","54,19%","IULV-CA","412","23,18%","PP","381","21,44%","Jaén","Cambil"
"PSOE","820","61,19%","PP","426","31,79%","IULV-CA","59","4,40%","Jaén","Cabra del Santo Cristo"
"PSOE","651","58,43%","PP","380","34,11%","IULV-CA","46","4,12%","Jaén","Bélmez de la Moraleda"
"PSOE","205","66,99%","PP","85","27,77%","PA","8","2,61%","Jaén","Larva"
"PSOE","3.465","52,17%","IULV-CA","1.838","27,67%","PP","1.191","17,93%","Jaén","Jódar"
"PSOE","1.469","39,70%","PP","1.380","37,29%","IULV-CA","712","19,24%","Jaén","Huelma"
"PSOE","579","57,15%","PP","377","37,21%","IULV-CA","31","3,06%","Jaén","Jimena"
"PSOE","565","54,90%","PP","394","38,28%","IULV-CA","40","3,88%","Jaén","Cárcheles"
"PP","727","39,12%","PSOE","708","38,10%","IULV-CA","349","18,78%","Jaén","Pegalajar"
"PSOE","556","47,88%","PP","548","47,20%","IULV-CA","39","3,35%","Jaén","Torres"
"PSOE","757","51,46%","PP","670","45,54%","IULV-CA","28","1,90%","Jaén","Noalejo"
"PP","4.251","46,28%","PSOE","3.899","42,44%","IULV-CA","534","5,81%","Jaén","Bailén"
"PP","240","58,82%","PSOE","144","35,29%","IULV-CA","12","2,94%","Jaén","Aldeaquemada"
"PSOE","864","50,88%","PP","678","39,92%","IULV-CA","113","6,65%","Jaén","Guarromán"
"PSOE","850","56,74%","PP","414","27,63%","IULV-CA","182","12,14%","Jaén","Baños de la Encina"
"PSOE","265","59,68%","PP","136","30,63%","IULV-CA","41","9,23%","Jaén","Carboneros"
"PSOE","733","51,76%","PP","425","30,01%","IULV-CA","208","14,68%","Jaén","Jabalquinto"
"PP","1.360","47,58%","PSOE","1.299","45,45%","IULV-CA","115","4,02%","Jaén","Castillo de Locubín"
"PSOE","3.447","53,30%","PP","2.500","38,65%","IULV-CA","279","4,31%","Jaén","Alcaudete"
"PP","325","49,84%","PSOE","290","44,47%","IULV-CA","25","3,83%","Jaén","Santa Elena"
"PSOE","13.021","43,09%","PP","11.844","39,20%","IULV-CA","3.401","11,25%","Jaén","Linares"
"PP","4.388","48,43%","PSOE","3.480","38,41%","IULV-CA","657","7,25%","Jaén","Carolina (La)"
"PSOE","6.238","48,80%","PP","4.877","38,15%","IULV-CA","878","6,86%","Jaén","Alcalá la Real"
"PSOE","597","54,47%","IULV-CA","314","28,64%","PP","160","14,59%","Málaga","Almáchar"
"PSOE","396","47,76%","PP","295","35,58%","IULV-CA","53","6,39%","Málaga","Alcaucín"
"PSOE","1.642","64,92%","PP","623","24,63%","IULV-CA","151","5,97%","Jaén","Valdepeñas de Jaén"
"PP","1.045","40,99%","PSOE","999","39,19%","PA","270","10,59%","Málaga","Algarrobo"
"PSOE","533","47,00%","PP","526","46,38%","IULV-CA","46","4,05%","Jaén","Frailes"
"IULV-CA","242","35,22%","PP","224","32,60%","PSOE","213","31,00%","Málaga","Arenas"
"PSOE","84","51,85%","PP","43","26,54%","IULV-CA","23","14,19%","Málaga","Árchez"
"PSOE","452","57,80%","PP","236","30,17%","IULV-CA","54","6,90%","Málaga","Canillas de Aceituno"
"PP","812","44,29%","PSOE","690","37,64%","IULV-CA","229","12,49%","Málaga","Benamocarra"
"PP","276","47,58%","PSOE","270","46,55%","IULV-CA","21","3,62%","Málaga","Comares"
"PSOE","320","41,88%","PP","280","36,64%","IULV-CA","126","16,49%","Málaga","Benamargosa"
"PSOE","416","63,03%","IULV-CA","169","25,60%","PP","53","8,03%","Málaga","Borge (El)"
"PP","183","53,66%","PSOE","125","36,65%","IULV-CA","13","3,81%","Málaga","Canillas de Albaida"
"PP","515","45,33%","PSOE","404","35,56%","IULV-CA","124","10,91%","Málaga","Cómpeta"
"PSOE","173","54,23%","PP","108","33,85%","IULV-CA","21","6,58%","Málaga","Cútar"
"PP","444","41,84%","PA","268","25,25%","PSOE","248","23,37%","Málaga","Frigiliana"
"PSOE","323","52,52%","PP","185","30,08%","IULV-CA","47","7,64%","Málaga","Moclinejo"
"PSOE","311","56,34%","PP","212","38,40%","PA","15","2,71%","Málaga","Iznate"
"PSOE","105","43,03%","PP","104","42,62%","IULV-CA","29","11,88%","Málaga","Macharaviaya"
"PP","106.099","45,37%","PSOE","76.097","32,54%","IULV-CA","28.394","12,14%","Málaga","Málaga"
"PP","3.576","50,85%","PSOE","2.213","31,47%","IULV-CA","782","11,12%","Málaga","Nerja"
"PSOE","51","43,22%","PP","46","38,98%","IULV-CA","12","10,16%","Málaga","Salares"
"PSOE","200","45,97%","PP","164","37,70%","IULV-CA","50","11,49%","Málaga","Sayalonga"
"PP","8.446","48,84%","PSOE","5.072","29,33%","IULV-CA","1.894","10,95%","Málaga","Rincón de la Victoria"
"PSOE","171","41,30%","IULV-CA","122","29,46%","PP","94","22,70%","Málaga","Totalán"
"PSOE","1.044","55,94%","PP","463","24,81%","IULV-CA","300","16,07%","Málaga","Periana"
"PP","2.330","42,14%","PSOE","2.009","36,33%","IULV-CA","772","13,96%","Málaga","Torrox"
"PSOE","142","48,63%","IULV-CA","57","19,52%","PP","54","18,49%","Málaga","Sedella"
"PP","15.026","47,61%","PSOE","11.089","35,13%","IULV-CA","2.891","9,16%","Málaga","Vélez-Málaga"
"PSOE","428","60,70%","PP","200","28,36%","PA","37","5,24%","Málaga","Viñuela"
"PSOE","1.639","52,70%","IULV-CA","674","21,67%","PP","588","18,90%","Málaga","Alameda"
"PSOE","798","61,24%","PP","366","28,08%","IULV-CA","95","7,29%","Málaga","Almargen"
"PSOE","460","53,61%","PP","232","27,03%","IULV-CA","139","16,20%","Málaga","Alfarnate"
"PSOE","746","59,63%","PP","283","22,62%","IULV-CA","203","16,22%","Málaga","Cañete la Real"
"PSOE","794","51,32%","PP","486","31,41%","IULV-CA","176","11,37%","Málaga","Colmenar"
"PSOE","613","51,59%","IULV-CA","406","34,17%","PP","147","12,37%","Málaga","Cuevas del Becerro"
"PSOE","712","51,74%","PP","458","33,28%","IULV-CA","150","10,90%","Málaga","Fuente de Piedra"
"PSOE","861","44,17%","IULV-CA","632","32,42%","PP","402","20,62%","Málaga","Humilladero"
"PSOE","1.243","56,80%","PP","488","22,30%","IULV-CA","393","17,96%","Málaga","Cuevas de San Marcos"
"PSOE","850","52,46%","PP","596","36,79%","IULV-CA","97","5,98%","Málaga","Riogordo"
"PSOE","1.463","52,47%","PP","732","26,25%","IULV-CA","405","14,52%","Málaga","Villanueva del Trabuco"
"PSOE","226","45,38%","PP","162","32,53%","PA","64","12,85%","Málaga","Algatocín"
"PSOE","530","57,54%","PP","240","26,05%","IULV-CA","110","11,94%","Málaga","Villanueva de Tapia"
"PSOE","62","44,92%","PP","44","31,88%","IULV-CA","24","17,39%","Málaga","Alpandeire"
"PSOE","1.109","57,82%","PP","472","24,60%","IULV-CA","242","12,61%","Málaga","Villanueva del Rosario"
"PP","90","56,60%","PSOE","63","39,62%","IULV-CA","2","1,25%","Málaga","Cartajima"
"PSOE","83","53,89%","PP","60","38,96%","PA","7","4,54%","Málaga","Faraján"
"PP","157","45,11%","PSOE","147","42,24%","IULV-CA","24","6,89%","Málaga","Benarrabá"
"PSOE","624","56,11%","IULV-CA","271","24,37%","PP","193","17,35%","Málaga","Burgo (El)"
"PP","175","42,06%","PSOE","154","37,01%","IULV-CA","61","14,66%","Málaga","Jubrique"
"PSOE","1.026","53,05%","PP","555","28,69%","IULV-CA","223","11,53%","Málaga","Cortes de la Frontera"
"PSOE","348","57,23%","PP","182","29,93%","IULV-CA","37","6,08%","Málaga","Montejaque"
"PSOE","87","56,49%","PP","50","32,46%","IULV-CA","12","7,79%","Málaga","Parauta"
"PP","6.803","40,36%","PSOE","5.879","34,88%","IULV-CA","1.725","10,23%","Málaga","Ronda"
"PP","4.224","49,73%","PSOE","2.986","35,15%","IULV-CA","819","9,64%","Málaga","Alhaurín el Grande"
"PSOE","111","50,68%","PP","92","42,00%","IULV-CA","7","3,19%","Málaga","Pujerra"
"PSOE","1.103","61,00%","PP","459","25,38%","IULV-CA","159","8,79%","Málaga","Almogía"
"PSOE","3.110","48,29%","PP","2.025","31,44%","IULV-CA","1.016","15,77%","Málaga","Álora"
"PP","9.017","47,75%","PSOE","5.800","30,72%","IULV-CA","2.261","11,97%","Málaga","Benalmádena"
"PP","9.684","47,68%","PSOE","6.686","32,92%","IULV-CA","2.128","10,47%","Málaga","Estepona"
"PP","13.284","56,58%","PSOE","6.382","27,18%","IULV-CA","1.878","8,00%","Málaga","Fuengirola"
"PSOE","3.908","44,58%","PP","3.134","35,75%","IULV-CA","1.000","11,40%","Málaga","Cártama"
"IULV-CA","307","38,47%","PP","228","28,57%","PSOE","213","26,69%","Málaga","Istán"
"PSOE","643","51,60%","PP","388","31,13%","IULV-CA","142","11,39%","Málaga","Ojén"
"PP","106.099","45,37%","PSOE","76.097","32,54%","IULV-CA","28.394","12,14%","Málaga","Málaga"
"PSOE","1.709","41,38%","PP","1.293","31,30%","IULV-CA","848","20,53%","Málaga","Pizarra"
"PP","20.309","47,18%","PSOE","14.484","33,65%","IULV-CA","4.814","11,18%","Málaga","Marbella"
"PSOE","1.924","60,33%","IULV-CA","661","20,72%","PP","527","16,52%","Sevilla","Aznalcóllar"
"PSOE","847","50,59%","PP","590","35,24%","IULV-CA","205","12,24%","Málaga","Valle de Abdalajís"
"PSOE","468","42,35%","PP","395","35,74%","PA","109","9,86%","Sevilla","Alanís"
"PSOE","1.566","53,24%","PP","797","27,09%","IULV-CA","435","14,79%","Sevilla","Cazalla de la Sierra"
"PSOE","1.045","42,08%","PP","737","29,68%","IULV-CA","564","22,71%","Sevilla","Castilblanco de los Arroyos"
"PSOE","105","53,84%","PP","72","36,92%","IULV-CA","14","7,17%","Sevilla","Madroño (El)"
"PSOE","485","53,94%","PP","315","35,03%","IULV-CA","69","7,67%","Sevilla","Real de la Jara (El)"
"PSOE","488","41,07%","PP","426","35,85%","IULV-CA","171","14,39%","Sevilla","Pedroso (El)"
"PSOE","825","52,14%","PP","558","35,27%","IULV-CA","94","5,94%","Sevilla","Guadalcanal"
"PSOE","563","52,56%","PP","263","24,55%","IULV-CA","172","16,05%","Sevilla","Navas de la Concepción (Las)"
"PSOE","2.910","46,85%","PP","1.556","25,05%","IULV-CA","1.298","20,90%","Sevilla","Guillena"
"PP","8.627","42,95%","PSOE","7.656","38,12%","IULV-CA","1.943","9,67%","Sevilla","Écija"
"PSOE","2.475","55,80%","PP","1.145","25,81%","IULV-CA","567","12,78%","Sevilla","Cuervo de Sevilla (El)"
